country_iso3,year,severity_score
BFA,2024,0.7749999999999999
CAF,2024,0.7
CMR,2024,0.75
MLI,2024,0.825
MRT,2024,0.475
NER,2024,0.65
NGA,2024,0.7749999999999999
SDN,2024,0.925
SEN,2024,0.375
SSD,2024,0.875
TCD,2024,0.75
